label	valid	qos	workers	framebuffer	scale	frames	meanFps	low1pct	p50	p95	p99	p999	max	stutters
qos-off	yes	false	none	1708x960	2.00	9985	332.80	191.07	2.77	4.30	5.23	6.26	8.64	43
qos-on	yes	true	USER_INITIATED	1708x960	2.00	10297	343.20	205.58	2.66	4.30	4.86	5.57	13.20	25
half-res	yes	true	USER_INITIATED	854x480	2.00	10454	348.46	177.74	2.65	4.14	5.63	6.91	9.01	197
qos-off	yes	false	none	1708x960	2.00	10902	363.40	211.31	2.42	4.18	4.73	5.59	8.65	78
qos-on	yes	true	USER_INITIATED	1708x960	2.00	10751	358.34	212.54	2.46	4.19	4.71	5.50	7.24	57
half-res	yes	true	USER_INITIATED	854x480	2.00	10589	352.93	213.47	2.57	4.08	4.68	5.98	10.21	30
qos-off	yes	false	none	1708x960	2.00	10290	342.99	208.24	2.69	4.23	4.80	5.75	7.46	25
qos-on	yes	true	USER_INITIATED	1708x960	2.00	10640	354.67	182.92	2.56	4.01	5.47	6.47	11.69	157
half-res	yes	true	USER_INITIATED	854x480	2.00	10509	350.28	212.80	2.71	3.96	4.70	5.82	10.75	20
